study_id,study_title,extraction_note,source_url,year,network_input_raw,population_raw,mild_count,mild_moderate_count,moderate_count,severe_count,kc_suspect_count,general_kc_count,normal_count,other_count,diagnostic_method_raw,network_type_raw,accuracy_raw,sensitivity_raw,specificity_raw
KC01,Current keratoconus detection methods compared with a neural network approach,,https://iovs.arvojournals.org/article.aspx?articleid=2180613,1997,TMS1 Topography,300,11,0,13,9,6,0,0,261,Computer Aided,CNN,100,100,100
KC02,Neural network-based system for early keratoconus detection from corneal topography,,https://sciencedirect.com/science/article/pii/S1532046402005130?via%3Dihub,2002,EyeSys Corneal Topography,396,0,120,0,0,0,0,110,166,Computer Aided,CNN,96.7,94.1,97.6
KC03,Automated decision tree classification of corneal shape,Need to edit population,https://www.ncbi.nlm.nih.gov/pmc/articles/PMC3073139/,2005,videokeratography from Keratron corneal topographer(basically just topography),163,0,0,0,0,0,71,92,0,Computer Aided,CNN,92,92,93
KC04,Evaluation of machine learning classifiers in keratoconus detection from orbscan II examinations,,https://www.ncbi.nlm.nih.gov/pmc/articles/PMC3020330/,2010,Orbscan II Corneal Topography,318,0,0,0,0,0,46,172,100,Computer Aided,SVM/MLP/RBFNN,—,100,98
KC05,Use of a support vector machine for keratoconus and subclinical keratoconus detection by topographic and tomographic data,,https://www.aaojournal.org/article/S0161-6420(12)00513-1/abstract,2012,Sirius Corneal Topography,3502,426,0,0,0,0,877,1259,940,Computer Aided,SVM,98.2,95,99.3
KC06,Detection of subclinical keratoconus using an automated decision tree classification,,https://www.ajo.com/article/S0002-9394(13)00222-5/abstract,2013,Galilei Corneal Topography,372,47,0,0,0,0,148,177,0,Computer Aided,MLC,_,99.5,100
KC07,Evaluation of a Machine-Learning Classifier for Keratoconus Detection Based on Scheimpflug Tomography,,https://journals.lww.com/corneajrnl/abstract/2016/06000/evaluation_of_a_machine_learning_classifier_for.19.aspx,2016,Pentacam Corneal Tomography,860,67,0,0,0,0,454,194,145,Computer Aided,SVM/MLC,98.9,99.1,98.5
KC08,Accuracy of machine learning classifiers using bilateral data from a Scheimpflug camera for identifying eyes with preclinical signs of keratoconus,Couldn’t find populations,https://journals.lww.com/jcrs/abstract/2016/02000/accuracy_of_machine_learning_classifiers_using.15.aspx,2016,Pentacam Corneal Topography and Tomography,,,,,,,,,,Computer Aided,CNN/MLC,-,100,95
KC09,Keratoconus severity identification using unsupervised machine learning,,https://www.ncbi.nlm.nih.gov/pmc/articles/PMC6219768/,2018,CASIA AS-OCT Corneal Topography and Tomography,3156,796,0,0,0,0,390,1970,0,Computer Aided,Unsupervised ML,-,97.7,94.1
KC10,Assistant diagnose for subclinical keratoconus by artificial intelligence,Couldn’t find populations,https://rs.yiigle.com/cmaid/1172257,2019,Pentacam Corneal Topography,,,,,,,,,,Computer Aided,SVM-RFE/GBDT,98.91,76.92,100
KC11,CorneaNet: fast segmentation of cornea OCT scans of healthy and keratoconic eyes using deep learning,,https://www.ncbi.nlm.nih.gov/pmc/articles/PMC6377876/,2019,UHR-OCT Corneal Tomography,142,0,0,0,0,0,70,72,0,Computer Aided,CNN(Cornea Net),99.56,>99.3,-
KC12,Computer aided diagnosis for suspect keratoconus detection,,https://www.sciencedirect.com/science/article/abs/pii/S0010482519301325?via%3Dihub,2019,Pentacam Corneal Topography and Tomography,838,220,0,229,0,77,0,312,0,Computer Aided,FFN,96.56,97.78,95.56
KC13,Keratoconus detection using deep learning of colour-coded maps with anterior segment optical coherence tomography: a diagnostic accuracy study,,https://www.ncbi.nlm.nih.gov/pmc/articles/PMC6773416/,2019,CASIA AS-OCT Corneal Topography and Tomography,304,108,0,117,79,0,0,0,0,Computer Aided,CNN,99.1,100,98.4
KC14,KeratoDetect: Keratoconus Detection Algorithm Using Convolutional Neural Networks,,https://www.ncbi.nlm.nih.gov/pmc/articles/PMC6364125/,2019,SyntEyes Tomography and Topography,400,0,0,0,0,0,200,200,0,Computer Aided,CNN,99.3,-,-
KC15,Keratoconus Screening Based on Deep Learning Approach of Corneal Topography,,https://www.ncbi.nlm.nih.gov/pmc/articles/PMC7533740/,2020,TMS-4+ Pentacam + Corvis ST Tomography and Topography,354,28,0,0,0,0,170,156,0,Computer Aided,CNN,95.8,94.4,97.2
KC16,Classification of Color-Coded Scheimpflug Camera Corneal Tomography Images Using Deep Learning,,https://www.ncbi.nlm.nih.gov/pmc/articles/PMC7757611/,2020,Pentacam Corneal Topography and Tomography,3218,1072,0,0,0,0,1038,1108,0,Computer Aided,CNN/SVM,>95.5,>92,>92
KC17,Machine learning helps improve diagnostic ability of subclinical keratoconus using Scheimpflug and OCT imaging modalities,,https://www.ncbi.nlm.nih.gov/pmc/articles/PMC7507244/,2020,Pentacam + UHR-OCT Corneal Topography and Tomography,121,33,0,0,0,0,38,50,0,Computer Aided,MLC,-,100,100
KC18,Screening Candidates for Refractive Surgery With Corneal Tomographic–Based Deep Learning,,https://www.ncbi.nlm.nih.gov/pmc/articles/PMC7099445/,2020,Pentacam Corneal Topography and Tomography,6465,731,0,0,0,799,1978,1887,1070,Computer Aided,CNN/TL,95,97.8,99.2
KC19,Evaluating the Performance of Various Machine Learning Algorithms to Detect Subclinical Keratoconus,,https://www.ncbi.nlm.nih.gov/pmc/articles/PMC7396174/,2020,Pentacam Corneal Topography and Tomography,88,49,0,0,0,0,0,39,0,Computer Aided,RF,87,88,85
KC20,Machine learning with a reduced dimensionality representation of comprehensive Pentacam tomography parameters to identify subclinical keratoconus,,https://www.sciencedirect.com/science/article/pii/S0010482521006788?via%3Dihub,2021,Pentacam Corneal Topography and Tomography,267,145,0,0,0,0,0,122,0,Computer Aided,RF,98,97,98
KC21,A Hybrid Deep Learning Construct for Detecting Keratoconus From Corneal Maps,,https://www.ncbi.nlm.nih.gov/pmc/articles/PMC8684312/,2021,Pentacam Corneal Topography and Tomography,692,0,0,0,0,173,265,254,0,Computer Aided,CNN/SVM,97.7,-,-
KC22,Development of a classification system based on corneal biomechanical properties using artificial intelligence predicting keratoconus severity,,https://www.ncbi.nlm.nih.gov/pmc/articles/PMC8167942/,2021,Pentacam + Corvis ST Corneal Topography and Tomography,434,0,0,0,0,0,318,116,0,Computer Aided,RF,93,91,94
KC23,Diagnosis of Subclinical Keratoconus Based on Machine Learning Techniques,,https://www.ncbi.nlm.nih.gov/pmc/articles/PMC8468312/,2021,Pentacam + Corvis ST Corneal Topography and Tomography,81,20,0,0,0,0,0,61,0,Computer Aided,RF,89,86,93
KC24,Diagnosability of Keratoconus Using Deep Learning With Placido Disk-Based Corneal Topography,,https://www.ncbi.nlm.nih.gov/pmc/articles/PMC8520919/,2021,TMS-4 Corneal Tomography and Topoagraphy,349,54,0,75,50,0,0,170,0,Computer Aided,CNN,96.6,98.8,94.4
KC25,Keratoconus detection of changes using deep learning of colour-coded maps,,https://www.ncbi.nlm.nih.gov/pmc/articles/PMC8278890/,2021,Pentacam Corneal Topography and Tomography,1926,282,0,633,877,0,0,134,0,Computer Aided,CNN,97.85,98.46,90
KC26,Keratoconus Diagnostic and Treatment Algorithms Based on Machine-Learning Methods,Skipped do later,https://www.ncbi.nlm.nih.gov/pmc/articles/PMC8535111/,2021,Pentacam Corneal Topography and Tomography,0,,,,,,,,,Computer Aided,,,,
KC27,Proposing an ensemble learning model based on neural network and fuzzy system for keratoconus diagnosis based on Pentacam measurements,Doesn’t give splits,https://link.springer.com/article/10.1007/s10792-021-01963-2,2021,Pentacam Corneal Topography,450,,,,,,,,,Computer Aided,MLP/ANFIS,98.2,99.1,96.2
KC28,Prediction of keratoconus progression using deep learning of anterior segment optical coherence tomography maps,,https://www.ncbi.nlm.nih.gov/pmc/articles/PMC8422102/,2021,CASIA AS-OCT Tomography,0,,,,,,,,,,,,,
